{
    "cell_0": {
        "position_0": {
            "conv_3x1_1x3": 78.79999775390625,
            "conv_7x1_1x7": 82.44999768066407,
            "max_pool_3x3": 77.77999729003906,
            "avg_pool_3x3": 77.12999729003906,
            "skip_connect": 77.04999763183594,
            "simple_conv_1x1": 76.67999755859375,
            "simple_conv_3x3": 77.58999755859375,
            "sep_conv_3x3": 82.78999755859375,
            "sep_conv_5x5": 84.10999733886719,
            "dil_conv_3x3": 79.44999729003906,
            "dil_conv_5x5": 80.19999772949218,
            "bottleneck_1x3x1": 81.6299974609375
        },
        "position_1": {
            "conv_3x1_1x3": 81.55999777832031,
            "conv_7x1_1x7": 83.45999741210937,
            "max_pool_3x3": 83.02999760742188,
            "avg_pool_3x3": 81.81999731445312,
            "skip_connect": 81.14999729003907,
            "simple_conv_1x1": 82.73999724121094,
            "simple_conv_3x3": 82.1799974609375,
            "sep_conv_3x3": 83.22999760742188,
            "sep_conv_5x5": 84.62999729003906,
            "dil_conv_3x3": 82.3299974609375,
            "dil_conv_5x5": 82.59999755859376,
            "bottleneck_1x3x1": 81.23999729003906
        },
        "position_2": {
            "conv_3x1_1x3": 77.89999755859375,
            "conv_7x1_1x7": 81.24999765625,
            "max_pool_3x3": 76.94999738769532,
            "avg_pool_3x3": 76.75999782714844,
            "skip_connect": 75.83999721679687,
            "simple_conv_1x1": 77.50999755859375,
            "simple_conv_3x3": 77.35999748535156,
            "sep_conv_3x3": 81.55999733886719,
            "sep_conv_5x5": 83.55999748535156,
            "dil_conv_3x3": 79.83999753417969,
            "dil_conv_5x5": 80.99999743652344,
            "bottleneck_1x3x1": 82.1299975830078
        },
        "position_3": {
            "conv_3x1_1x3": 82.90999755859374,
            "conv_7x1_1x7": 82.68999711914063,
            "max_pool_3x3": 82.88999755859375,
            "avg_pool_3x3": 81.659997265625,
            "skip_connect": 81.40999731445312,
            "simple_conv_1x1": 82.29999755859374,
            "simple_conv_3x3": 83.3499974609375,
            "sep_conv_3x3": 82.97999724121094,
            "sep_conv_5x5": 84.59999748535157,
            "dil_conv_3x3": 83.19999724121094,
            "dil_conv_5x5": 82.85999738769532,
            "bottleneck_1x3x1": 83.099997265625
        }
    },
    "cell_1": {
        "position_0": {
            "conv_3x1_1x3": 83.9199974609375,
            "conv_7x1_1x7": 84.59999765625,
            "max_pool_3x3": 83.86999770507812,
            "avg_pool_3x3": 82.86999775390625,
            "skip_connect": 82.88999694824219,
            "simple_conv_1x1": 82.52999716796874,
            "simple_conv_3x3": 84.08999765625,
            "sep_conv_3x3": 83.59999743652344,
            "sep_conv_5x5": 85.76999770507813,
            "dil_conv_3x3": 84.27999753417969,
            "dil_conv_5x5": 84.15999760742187,
            "bottleneck_1x3x1": 83.65999782714844
        },
        "position_1": {
            "conv_3x1_1x3": 83.44999760742188,
            "conv_7x1_1x7": 84.85999716796876,
            "max_pool_3x3": 83.58999702148438,
            "avg_pool_3x3": 82.78999755859375,
            "skip_connect": 82.76999724121094,
            "simple_conv_1x1": 82.67999741210937,
            "simple_conv_3x3": 83.29999750976563,
            "sep_conv_3x3": 84.97999743652343,
            "sep_conv_5x5": 85.81999743652344,
            "dil_conv_3x3": 83.97999736328126,
            "dil_conv_5x5": 84.84999763183593,
            "bottleneck_1x3x1": 82.74999782714843
        },
        "position_2": {
            "conv_3x1_1x3": 81.83999724121094,
            "conv_7x1_1x7": 82.74999729003906,
            "max_pool_3x3": 82.13999787597656,
            "avg_pool_3x3": 81.65999753417968,
            "skip_connect": 81.21999758300781,
            "simple_conv_1x1": 82.23999721679688,
            "simple_conv_3x3": 83.1099970703125,
            "sep_conv_3x3": 83.39999748535156,
            "sep_conv_5x5": 84.43999736328125,
            "dil_conv_3x3": 83.22999736328126,
            "dil_conv_5x5": 82.78999741210937,
            "bottleneck_1x3x1": 83.66999748535156
        },
        "position_3": {
            "conv_3x1_1x3": 82.68999765625,
            "conv_7x1_1x7": 82.52999782714843,
            "max_pool_3x3": 83.34999736328125,
            "avg_pool_3x3": 82.6599970703125,
            "skip_connect": 82.20999772949219,
            "simple_conv_1x1": 82.1499974609375,
            "simple_conv_3x3": 82.93999760742187,
            "sep_conv_3x3": 83.07999743652344,
            "sep_conv_5x5": 84.91999743652343,
            "dil_conv_3x3": 82.5799974609375,
            "dil_conv_5x5": 83.23999772949219,
            "bottleneck_1x3x1": 83.65999748535157
        }
    },
    "cell_2": {
        "position_0": {
            "conv_3x1_1x3": 83.82999748535157,
            "conv_7x1_1x7": 84.18999738769531,
            "max_pool_3x3": 83.30999760742188,
            "avg_pool_3x3": 82.87999716796875,
            "skip_connect": 83.1599974609375,
            "simple_conv_1x1": 81.66999763183594,
            "simple_conv_3x3": 84.0199970703125,
            "sep_conv_3x3": 84.24999702148438,
            "sep_conv_5x5": 85.97999748535156,
            "dil_conv_3x3": 84.54999704589844,
            "dil_conv_5x5": 83.45999741210937,
            "bottleneck_1x3x1": 83.29999772949219
        },
        "position_1": {
            "conv_3x1_1x3": 83.09999750976563,
            "conv_7x1_1x7": 84.76999694824218,
            "max_pool_3x3": 83.38999748535156,
            "avg_pool_3x3": 82.95999741210937,
            "skip_connect": 83.91999716796875,
            "simple_conv_1x1": 82.74999741210938,
            "simple_conv_3x3": 83.07999758300781,
            "sep_conv_3x3": 84.78999775390625,
            "sep_conv_5x5": 85.79999741210938,
            "dil_conv_3x3": 84.22999775390625,
            "dil_conv_5x5": 84.05999736328125,
            "bottleneck_1x3x1": 83.29999748535157
        },
        "position_2": {
            "conv_3x1_1x3": 82.4299974609375,
            "conv_7x1_1x7": 82.20999758300782,
            "max_pool_3x3": 82.53999709472656,
            "avg_pool_3x3": 83.21999702148437,
            "skip_connect": 82.09999755859376,
            "simple_conv_1x1": 82.46999775390626,
            "simple_conv_3x3": 83.1399977294922,
            "sep_conv_3x3": 82.93999733886719,
            "sep_conv_5x5": 84.82999714355469,
            "dil_conv_3x3": 82.4299974609375,
            "dil_conv_5x5": 82.3699973388672,
            "bottleneck_1x3x1": 83.01999765625
        },
        "position_3": {
            "conv_3x1_1x3": 82.83999729003907,
            "conv_7x1_1x7": 82.1499974609375,
            "max_pool_3x3": 82.76999736328125,
            "avg_pool_3x3": 82.34999755859376,
            "skip_connect": 82.37999760742187,
            "simple_conv_1x1": 82.17999768066406,
            "simple_conv_3x3": 83.47999768066406,
            "sep_conv_3x3": 83.14999741210937,
            "sep_conv_5x5": 85.22999763183594,
            "dil_conv_3x3": 82.72999729003907,
            "dil_conv_5x5": 83.1199973876953,
            "bottleneck_1x3x1": 83.03999768066406
        }
    },
    "stats": {
        "cell_0": {
            "position_0": [
                12,
                [
                    76.67999755859375,
                    84.10999733886719
                ],
                79.63833084513347,
                6.567887902809873,
                0.4310067213782743,
                -1.234543274987557
            ],
            "position_1": [
                12,
                [
                    81.14999729003907,
                    84.62999729003906
                ],
                82.49749744262694,
                1.0206568140869423,
                0.5103089747212547,
                -0.267575926764982
            ],