{
    "conv_3x1_1x3": 82.76499747314453, 
    "conv_7x1_1x7": 82.71999720458984, 
    "max_pool_3x3": 82.9599975830078, 
    "avg_pool_3x3": 82.50499731445314, 
    "skip_connect": 82.15499764404296, 
    "simple_conv_1x1": 82.26999738769531, 
    "simple_conv_3x3": 83.12499739990236, 
    "sep_conv_3x3": 83.18999750976562, 
    "sep_conv_5x5": 84.87499729003906, 
    "dil_conv_3x3": 82.964997265625, 
    "dil_conv_5x5": 82.98999738769531, 
    "bottleneck_1x3x1": 83.06999747314453
}